,City,Latitude,Longitude,Maximum Temperature,Humidity %,Cloudiness %,Wind Speed(mph),Country,Date
0,Saskylakh,71.92,114.08,-22.77,89,7,3.61,RU,2020-11-08 01:09:26
1,Casa Nova,-9.42,-41.13,27.24,63,0,8.27,BR,2020-11-08 01:09:27
2,Tuktoyaktuk,69.45,-133.04,-3.0,79,40,8.7,CA,2020-11-08 01:09:27
3,Bud,39.45,-86.18,12.22,71,1,2.36,US,2020-11-08 01:09:27
4,Mbabane,-26.32,31.13,20.83,46,0,2.08,SZ,2020-11-08 01:09:27
5,Nishihara,26.18,127.76,28.0,78,75,3.6,JP,2020-11-08 01:09:28
6,Bonavista,48.65,-53.11,2.22,79,100,2.6,CA,2020-11-08 01:09:28
7,Ungaran,-7.14,110.41,17.22,43,5,0.69,ID,2020-11-08 01:09:28
8,Rikitea,-23.12,-134.97,22.05,73,100,7.26,PF,2020-11-08 01:09:28
9,Kapaa,22.08,-159.32,27.0,83,90,3.6,US,2020-11-08 01:09:26
10,Kaitangata,-46.28,169.85,12.78,44,0,4.92,NZ,2020-11-08 01:09:29
11,Dongli,23.57,116.82,21.0,94,90,2.0,CN,2020-11-08 01:09:30
12,Tasiilaq,65.61,-37.64,-3.0,63,91,1.0,GL,2020-11-08 01:09:30
13,Port Alfred,-33.59,26.89,18.89,81,0,4.58,ZA,2020-11-08 01:09:30
14,Albany,42.6,-73.97,13.33,58,25,1.86,US,2020-11-08 01:04:39
15,San Patricio,28.02,-97.52,23.0,83,20,6.2,US,2020-11-08 01:09:31
16,Cape Town,-33.93,18.42,15.56,93,75,6.2,ZA,2020-11-08 01:07:53
17,Laguna,38.42,-121.42,16.0,40,1,3.6,US,2020-11-08 01:09:32
18,Busselton,-33.65,115.33,19.44,79,97,3.34,AU,2020-11-08 01:09:32
19,Lavrentiya,65.58,-171.0,-1.47,95,30,2.64,RU,2020-11-08 01:09:32
20,Buta,2.79,24.73,20.78,98,97,0.62,CD,2020-11-08 01:09:32
21,Caucaia,-3.74,-38.65,27.0,78,20,3.6,BR,2020-11-08 01:05:19
22,Iqaluit,63.75,-68.51,-14.0,77,75,2.1,CA,2020-11-08 01:09:32
23,Saint Paul Harbor,57.79,-152.41,7.0,87,90,8.2,US,2020-11-08 01:09:32
24,Kadaň,50.38,13.27,1.11,100,0,1.04,CZ,2020-11-08 01:09:33
25,Nizhnyaya Tavda,57.67,66.17,0.85,96,100,1.45,RU,2020-11-08 01:05:35
26,Lianzhou,24.78,112.38,19.53,60,0,2.89,CN,2020-11-08 01:04:42
27,Bunia,1.57,30.25,16.02,85,53,0.97,CD,2020-11-08 01:09:34
28,New Norfolk,-42.78,147.06,18.89,47,20,3.6,AU,2020-11-08 01:09:34
29,Hermanus,-34.42,19.23,13.89,86,91,1.34,ZA,2020-11-08 01:09:35
30,Navahrudak,53.6,25.83,5.8,98,8,4.68,BY,2020-11-08 01:09:36
31,Princeton,25.54,-80.41,26.11,94,75,6.2,US,2020-11-08 01:00:28
32,Eyl,7.98,49.82,25.3,77,42,5.06,SO,2020-11-08 01:09:36
33,Avera,33.19,-82.53,22.0,78,75,2.6,US,2020-11-08 01:09:38
34,Egvekinot,66.32,-179.17,-5.64,98,100,2.5,RU,2020-11-08 01:09:38
35,Malaṅgawā,26.86,85.56,17.76,70,0,0.97,NP,2020-11-08 01:09:38
36,Nome,64.5,-165.41,2.0,93,90,2.6,US,2020-11-08 01:09:38
37,Naryan-Mar,67.67,53.09,-0.42,99,99,1.88,RU,2020-11-08 01:09:38
38,Mahébourg,-20.41,57.7,23.0,83,75,4.6,MU,2020-11-08 01:09:38
39,Bluff,-46.6,168.33,12.22,53,33,4.02,NZ,2020-11-08 01:09:38
40,Mataura,-46.19,168.86,12.22,53,0,4.02,NZ,2020-11-08 01:09:39
41,Ushuaia,-54.8,-68.3,14.0,47,40,9.3,AR,2020-11-08 01:09:39
42,Alofi,-19.06,-169.92,27.0,69,26,5.7,NU,2020-11-08 01:09:39
43,Hede,33.77,120.25,16.62,45,0,4.99,CN,2020-11-08 01:09:39
44,Barrow,71.29,-156.79,-1.0,86,90,9.3,US,2020-11-08 01:09:40
45,Sawākin,19.11,37.33,27.66,74,15,3.42,SD,2020-11-08 01:09:40
46,Bengkulu,-3.8,102.27,27.17,74,99,0.84,ID,2020-11-08 01:09:40
47,San Pedro de Macorís,18.46,-69.3,28.0,88,75,2.1,DO,2020-11-08 01:09:40
48,Bethel,41.37,-73.41,15.56,76,1,1.5,US,2020-11-08 01:09:41
49,Along,28.17,94.77,14.22,53,0,0.85,IN,2020-11-08 01:09:41
50,Ugoofaaru,5.67,73.0,26.92,78,10,0.39,MV,2020-11-08 01:09:41
51,Jamestown,42.1,-79.24,16.0,41,1,2.6,US,2020-11-08 01:09:41
52,Kavieng,-2.57,150.8,29.88,64,34,2.77,PG,2020-11-08 01:09:41
53,Ponta do Sol,32.67,-17.1,17.0,77,20,1.5,PT,2020-11-08 01:09:41
54,Yellowknife,62.46,-114.35,-14.44,84,40,1.5,CA,2020-11-08 01:09:43
55,Bredasdorp,-34.53,20.04,15.0,82,12,6.2,ZA,2020-11-08 01:09:43
56,Guerrero Negro,27.98,-114.06,18.1,69,0,7.78,MX,2020-11-08 01:07:40
57,Pacific Grove,36.62,-121.92,13.0,66,75,5.7,US,2020-11-08 01:05:16
58,Mackenzie,55.3,-123.17,-1.0,54,90,2.1,CA,2020-11-08 01:09:43
59,Glendive,47.11,-104.71,3.0,86,1,6.2,US,2020-11-08 01:04:49
60,Beidao,34.57,105.89,9.9,46,99,0.55,CN,2020-11-08 01:09:43
61,Muravlenko,63.79,74.52,0.59,99,100,3.97,RU,2020-11-08 01:09:44
62,Arraial do Cabo,-22.97,-42.03,22.48,77,100,3.82,BR,2020-11-08 01:07:52
63,Khovd,48.01,91.64,-3.18,90,0,0.05,MN,2020-11-08 01:09:44
64,Florence,43.77,11.25,12.22,100,0,1.0,IT,2020-11-08 01:07:43
65,Punta Arenas,-53.15,-70.92,12.0,66,40,12.3,CL,2020-11-08 01:09:44
66,Avarua,-21.21,-159.78,25.0,78,48,3.1,CK,2020-11-08 01:09:44
67,Thompson,55.74,-97.86,-9.0,92,90,2.6,CA,2020-11-08 01:03:27
68,Yarkovo,57.4,67.08,2.25,98,100,1.63,RU,2020-11-08 01:09:45
69,Qeshm,26.96,56.27,21.0,83,0,3.1,IR,2020-11-08 01:09:45
70,Kushima,31.46,131.23,19.0,68,75,4.6,JP,2020-11-08 01:09:45
71,Piaçabuçu,-10.41,-36.43,25.12,84,8,5.25,BR,2020-11-08 01:09:45
72,Fare,-16.7,-151.02,26.78,73,100,4.96,PF,2020-11-08 01:09:45
73,Chumikan,54.72,135.31,-10.39,86,0,6.43,RU,2020-11-08 01:09:46
74,Faanui,-16.48,-151.75,26.32,75,100,5.13,PF,2020-11-08 01:09:46
75,Severo-Kuril'sk,50.68,156.12,2.62,76,10,2.08,RU,2020-11-08 01:09:46
76,Urucará,-2.54,-57.76,25.54,82,20,1.05,BR,2020-11-08 01:07:27
77,Chokwé,-24.53,32.98,28.8,38,0,2.58,MZ,2020-11-08 01:09:46
78,Atuona,-9.8,-139.03,25.26,79,16,5.99,PF,2020-11-08 01:09:46
79,Nouadhibou,20.93,-17.03,22.0,68,100,6.7,MR,2020-11-08 01:09:46
80,Hilo,19.73,-155.09,24.0,88,90,2.1,US,2020-11-08 01:09:46
81,Hasaki,35.73,140.83,19.0,82,75,3.6,JP,2020-11-08 01:09:47
82,Necochea,-38.55,-58.74,12.78,89,0,3.13,AR,2020-11-08 01:09:47
83,Okhotsk,59.38,143.3,-11.09,89,56,7.1,RU,2020-11-08 01:09:47
84,Port-Gentil,-0.72,8.78,26.09,86,100,5.33,GA,2020-11-08 01:09:47
85,Saint-Pierre,-21.34,55.48,22.0,78,75,1.5,RE,2020-11-08 01:09:47
86,Green River,41.53,-109.47,11.0,50,1,7.7,US,2020-11-08 01:09:47
87,San Cristobal,7.77,-72.22,19.77,92,94,0.49,VE,2020-11-08 01:09:48
88,Vestmanna,62.16,-7.17,5.0,80,66,1.0,FO,2020-11-08 01:09:50
89,Tombouctou,20.0,-3.0,26.84,16,0,4.41,ML,2020-11-08 01:09:50
90,Mogadishu,2.04,45.34,26.11,81,99,2.3,SO,2020-11-08 01:07:26
91,Sobolevo,54.43,31.9,9.52,90,100,5.76,RU,2020-11-08 01:09:50
92,Pandharpur,17.67,75.33,20.18,69,0,2.64,IN,2020-11-08 01:09:50
93,Wanning,18.8,110.4,24.37,76,6,6.67,CN,2020-11-08 01:09:50
94,Vaini,-21.2,-175.2,28.0,69,20,2.6,TO,2020-11-08 01:09:50
95,Jaguariaíva,-24.25,-49.71,17.08,57,0,1.89,BR,2020-11-08 01:09:51
96,Dingle,11.0,122.67,26.95,79,12,0.77,PH,2020-11-08 01:09:51
97,Nikolskoye,59.7,30.79,9.0,81,90,5.0,RU,2020-11-08 01:09:51
98,Puerto Ayacucho,5.66,-67.62,25.68,87,100,1.93,VE,2020-11-08 01:09:51
99,Roblin,51.23,-101.36,-2.33,91,100,9.18,CA,2020-11-08 01:06:36
100,Mar del Plata,-38.0,-57.56,16.67,93,0,2.6,AR,2020-11-08 01:09:51
101,Bay Roberts,47.6,-53.26,2.78,88,71,0.89,CA,2020-11-08 01:09:51
102,Dhidhdhoo,6.88,73.1,28.45,78,59,5.62,MV,2020-11-08 01:09:51
103,São Filipe,14.9,-24.5,26.27,76,90,3.88,CV,2020-11-08 01:09:51
104,Atikokan,48.76,-91.62,11.57,94,100,2.3,CA,2020-11-08 01:09:52
105,Makakilo City,21.35,-158.09,31.0,55,40,3.1,US,2020-11-08 01:09:52
106,Villazón,-22.09,-65.59,7.88,78,100,5.84,BO,2020-11-08 01:09:52
107,Manavālakurichi,8.13,77.3,28.0,78,40,1.0,IN,2020-11-08 01:09:52
108,Khatanga,71.97,102.5,-20.25,86,0,5.56,RU,2020-11-08 01:09:53
109,Gushikawa,26.35,127.87,28.0,94,1,3.1,JP,2020-11-08 01:09:27
110,Basco,20.45,121.97,27.16,82,52,11.76,PH,2020-11-08 01:09:54
111,Dakar,14.69,-17.44,28.0,83,0,2.1,SN,2020-11-08 01:07:18
112,Chokurdakh,70.63,147.92,-16.64,95,100,1.98,RU,2020-11-08 01:09:54
113,Nanortalik,60.14,-45.24,-1.25,95,100,4.12,GL,2020-11-08 01:09:55
114,Cayenne,4.93,-52.33,26.0,94,0,1.5,GF,2020-11-08 01:09:55
115,Merseburg,51.37,12.0,4.0,80,0,3.6,DE,2020-11-08 01:09:55
116,Tessalit,20.2,1.01,21.98,23,48,4.84,ML,2020-11-08 01:05:31
117,Iralaya,15.0,-83.23,26.01,88,100,6.79,HN,2020-11-08 01:09:56
118,City of San Pedro,14.35,121.02,28.33,83,75,4.1,PH,2020-11-08 01:09:56
119,Clyde River,70.47,-68.59,-18.0,64,1,4.1,CA,2020-11-08 01:09:56
120,Airai,-8.93,125.41,25.94,36,14,2.02,TL,2020-11-08 01:09:56
121,Watsa,3.04,29.54,17.45,100,84,0.49,CD,2020-11-08 01:09:56
122,Tuatapere,-46.13,167.68,12.22,53,3,4.02,NZ,2020-11-08 01:09:57
123,Semey,50.41,80.23,2.0,64,75,3.0,KZ,2020-11-08 01:09:57
124,Portland,45.52,-122.68,6.67,86,99,0.45,US,2020-11-08 01:06:19
125,Rawson,-43.3,-65.1,16.38,62,97,9.41,AR,2020-11-08 01:09:57
126,Pangnirtung,66.15,-65.71,-15.5,85,82,1.56,CA,2020-11-08 01:09:57
127,Lompoc,34.64,-120.46,13.0,71,75,4.1,US,2020-11-08 01:09:57
128,Upernavik,72.79,-56.15,-16.9,78,83,3.57,GL,2020-11-08 01:09:57
129,Loa Janan,-0.58,117.09,27.8,81,100,1.13,ID,2020-11-08 01:05:41
130,Ust-Maya,60.42,134.53,-18.55,90,100,2.2,RU,2020-11-08 01:09:57
131,Krasnosel'kup,65.7,82.47,1.42,99,100,2.95,RU,2020-11-08 01:09:58
132,Hithadhoo,-0.6,73.08,28.76,71,11,3.52,MV,2020-11-08 01:09:58
133,Atambua,-9.11,124.89,31.26,38,11,0.8,ID,2020-11-08 01:09:58
134,George Town,5.41,100.34,27.0,94,20,1.8,MY,2020-11-08 00:59:43
135,Batagay-Alyta,67.8,130.41,-24.7,80,0,0.49,RU,2020-11-08 01:09:58
136,Saint-François,46.42,3.91,16.0,67,0,5.1,FR,2020-11-08 01:09:58
137,Guácimo,10.21,-83.68,19.0,93,90,3.1,CR,2020-11-08 01:09:58
138,Mariental,-24.63,17.97,15.69,51,0,3.07,NA,2020-11-08 01:09:58
139,Rio do Sul,-27.21,-49.64,20.0,86,4,1.57,BR,2020-11-08 01:09:58
140,Lüderitz,-26.65,15.16,16.03,87,0,1.57,NA,2020-11-08 01:09:59
141,Khāsh,28.22,61.22,7.15,59,0,0.65,IR,2020-11-08 01:09:59
142,Gijang,35.24,129.21,13.0,50,0,0.5,KR,2020-11-08 01:09:59
143,Ilhabela,-23.78,-45.36,20.25,76,22,2.29,BR,2020-11-08 01:10:00
144,Dikson,73.51,80.55,-19.18,89,100,6.15,RU,2020-11-08 01:10:00
145,Castro,-24.79,-50.01,15.95,59,0,2.58,BR,2020-11-08 01:05:37
146,Tiksi,71.69,128.87,-21.42,92,71,1.02,RU,2020-11-08 01:10:00
147,Karhal,27.0,78.94,17.44,28,0,1.45,IN,2020-11-08 01:06:07
148,Taoudenni,22.68,-3.98,26.73,16,43,4.67,ML,2020-11-08 01:10:01
149,Weatherford,32.76,-97.8,18.89,70,0,3.35,US,2020-11-08 01:09:04
150,Sedalia,38.7,-93.23,18.33,55,1,2.6,US,2020-11-08 01:10:01
151,Måløy,61.94,5.11,8.0,100,100,2.6,NO,2020-11-08 01:10:01
152,Margate,51.38,1.39,12.22,66,14,0.45,GB,2020-11-08 01:05:59
153,San Quintín,30.48,-115.95,16.77,60,0,8.01,MX,2020-11-08 01:10:01
154,Paamiut,61.99,-49.67,-2.58,89,100,11.53,GL,2020-11-08 01:10:02
155,Carupano,10.67,-63.26,26.32,87,0,3.97,VE,2020-11-08 01:10:02
156,Goba,7.02,39.98,9.49,89,69,0.73,ET,2020-11-08 01:10:02
157,Whitehorse,60.72,-135.05,-14.0,84,75,4.6,CA,2020-11-08 01:05:31
158,Spearfish,44.49,-103.86,17.78,38,1,3.32,US,2020-11-08 01:10:02
159,Cidreira,-30.18,-50.21,19.91,85,18,7.06,BR,2020-11-08 01:10:02
160,Tual,-5.67,132.75,28.18,71,100,5.99,ID,2020-11-08 01:10:03
161,Rakaia,-43.75,172.02,7.22,97,100,0.89,NZ,2020-11-08 01:09:35
162,Butaritari,3.07,172.79,27.38,72,11,4.57,KI,2020-11-08 01:10:04
163,Karpogory,64.0,44.45,3.35,77,100,7.1,RU,2020-11-08 01:10:04
164,Fortuna,40.6,-124.16,10.56,71,20,6.7,US,2020-11-08 01:10:04
165,Kilindoni,-7.91,39.67,26.74,82,50,5.7,TZ,2020-11-08 01:10:05
166,Vardø,70.37,31.11,4.52,72,45,14.17,NO,2020-11-08 01:10:05
167,Nizwá,22.93,57.53,18.28,79,0,0.52,OM,2020-11-08 01:10:06
168,Haines Junction,60.75,-137.51,-19.0,77,100,1.0,CA,2020-11-08 01:10:06
169,Marawi,8.0,124.29,28.33,71,28,0.89,PH,2020-11-08 01:10:06
170,Diamantino,-14.41,-56.45,27.4,54,100,3.25,BR,2020-11-08 01:10:06
171,Katsina,12.99,7.6,21.45,23,0,3.64,NG,2020-11-08 01:10:06
172,Port Elizabeth,-33.92,25.57,16.0,87,0,3.1,ZA,2020-11-08 01:07:54
173,Walvis Bay,-22.96,14.51,15.56,93,10,2.6,NA,2020-11-08 01:10:07
174,Qaanaaq,77.48,-69.36,-24.78,70,0,4.68,GL,2020-11-08 01:10:07
175,Partizanskoye,55.5,94.39,2.76,81,40,3.82,RU,2020-11-08 01:10:07
176,Kharitonovo,61.4,47.5,4.61,91,100,6.17,RU,2020-11-08 01:10:07
177,Bumba,2.18,22.47,21.74,92,81,0.13,CD,2020-11-08 01:10:09
178,Hobart,-42.88,147.33,18.89,47,20,3.6,AU,2020-11-08 01:10:01
179,Bambous Virieux,-20.34,57.76,23.0,83,75,4.6,MU,2020-11-08 01:10:10
180,Östersund,63.18,14.64,2.22,93,90,5.1,SE,2020-11-08 01:10:10
181,Sabla,12.75,4.71,23.61,20,1,3.88,NG,2020-11-08 01:10:10
182,Departamento de Maldonado,-34.67,-54.92,17.0,88,0,2.6,UY,2020-11-08 01:10:10
183,Buchanan,5.88,-10.05,25.0,94,75,3.55,LR,2020-11-08 01:10:10
184,Kloulklubed,7.04,134.26,28.0,78,90,5.7,PW,2020-11-08 01:10:10
185,Epe,6.58,3.98,25.06,90,100,1.84,NG,2020-11-08 01:10:11
186,Honningsvåg,70.98,25.97,3.53,93,100,16.95,NO,2020-11-08 01:10:11
187,Villa María,-32.41,-63.24,22.22,53,0,0.89,AR,2020-11-08 01:07:19
188,Chimbote,-9.09,-78.58,16.82,82,75,3.59,PE,2020-11-08 01:10:11
189,Verkhnevilyuysk,63.45,120.32,-20.9,91,84,2.16,RU,2020-11-08 01:10:11
190,Torbay,47.67,-52.73,3.89,80,20,7.2,CA,2020-11-08 01:05:16
191,Cherskiy,68.75,161.3,-14.78,94,99,3.05,RU,2020-11-08 01:10:11
192,Isangel,-19.55,169.27,29.0,79,75,2.6,VU,2020-11-08 01:10:12
193,Kondagaon,19.6,81.67,13.53,63,0,1.61,IN,2020-11-08 01:10:12
194,Palanga,55.92,21.07,10.0,81,97,3.1,LT,2020-11-08 01:10:12
195,Kattivākkam,13.22,80.32,25.0,94,40,1.0,IN,2020-11-08 01:10:12
196,Port Lincoln,-34.73,135.87,18.73,58,75,7.9,AU,2020-11-08 01:10:12
197,Fengrun,39.83,118.12,7.43,40,0,3.45,CN,2020-11-08 01:10:12
198,Alice Springs,-23.7,133.88,29.0,11,74,5.7,AU,2020-11-08 01:06:12
199,Mwingi,-0.93,38.06,18.79,89,2,1.18,KE,2020-11-08 01:10:14
200,Lakes Entrance,-37.88,147.98,20.0,58,0,3.13,AU,2020-11-08 01:10:15
201,Adrar,20.5,-10.07,27.88,20,0,3.77,MR,2020-11-08 01:10:15
202,Escada,-8.36,-35.22,27.0,78,75,5.7,BR,2020-11-08 01:10:15
203,Chui,-33.7,-53.46,15.23,94,0,2.6,UY,2020-11-08 01:10:15
204,Mananjary,-21.22,48.33,21.23,90,1,2.51,MG,2020-11-08 01:10:15
205,Abu Kamal,34.45,40.92,16.95,61,96,1.63,SY,2020-11-08 01:10:15
206,Petropavlovsk-Kamchatskiy,53.05,158.65,-1.0,68,7,3.0,RU,2020-11-08 01:10:15
207,Mount Isa,-20.73,139.5,33.0,9,40,3.6,AU,2020-11-08 01:10:16
208,Ribeira Grande,38.52,-28.7,16.36,72,8,5.96,PT,2020-11-08 01:10:16
209,Santa Cruz de la Sierra,-17.8,-63.17,30.0,62,0,2.6,BO,2020-11-08 01:06:05
210,Karratha,-20.74,116.85,30.53,32,0,2.96,AU,2020-11-08 01:07:29
211,Grand Gaube,-20.01,57.66,21.67,80,9,1.79,MU,2020-11-08 01:10:16
212,Pirgos,35.12,25.72,18.89,60,17,6.71,GR,2020-11-08 01:10:17
213,Chāndil,22.97,86.05,15.0,87,0,1.67,IN,2020-11-08 01:10:18
214,Tooele,40.53,-112.3,7.22,93,90,10.3,US,2020-11-08 01:10:18
215,East London,-33.02,27.91,21.06,81,0,7.8,ZA,2020-11-08 01:07:56
216,Dilla,6.41,38.31,16.79,81,93,1.56,ET,2020-11-08 01:10:18
217,Jega,12.22,4.38,23.3,21,3,3.71,NG,2020-11-08 01:10:18
218,Yining,29.04,114.56,17.04,51,0,0.69,CN,2020-11-08 01:10:18
219,Vostok,46.49,135.88,-1.8,94,88,0.35,RU,2020-11-08 01:10:20
220,Aldan,58.6,125.39,-19.31,91,100,2.18,RU,2020-11-08 01:10:20
221,Cartagena,10.4,-75.51,28.0,83,20,2.6,CO,2020-11-08 01:10:20
222,Uribia,11.71,-72.27,26.63,83,100,3.01,CO,2020-11-08 01:10:21
223,Novoorsk,51.38,58.98,1.0,100,90,6.0,RU,2020-11-08 01:10:21
224,Mbekenyera,-10.0,38.98,21.65,93,21,1.23,TZ,2020-11-08 01:10:21
225,Sapatgrām,26.33,90.11,17.65,73,0,2.65,IN,2020-11-08 01:10:21
226,Chāndbāli,20.78,86.77,18.88,65,0,2.36,IN,2020-11-08 01:10:21
227,Flin Flon,54.77,-101.86,-8.0,85,90,4.6,CA,2020-11-08 01:10:21
228,Lerwick,60.15,-1.15,4.0,100,58,1.0,GB,2020-11-08 01:10:21
229,Husavik,66.04,-17.34,6.0,48,90,7.2,IS,2020-11-08 01:10:21
230,North Platte,41.12,-100.77,23.0,33,1,9.8,US,2020-11-08 01:10:21
231,Pevek,69.7,170.31,-9.42,96,98,1.14,RU,2020-11-08 01:10:21
232,Chermoz,58.79,56.15,0.13,96,80,5.23,RU,2020-11-08 01:10:23
233,Hong Gai,20.96,107.09,24.0,60,0,1.5,VN,2020-11-08 01:10:23
234,Mehamn,71.04,27.85,3.65,75,89,13.22,NO,2020-11-08 01:10:23
235,Sitka,57.05,-135.33,4.0,69,1,0.93,US,2020-11-08 01:09:58
236,Tutóia,-2.76,-42.27,27.42,77,0,6.32,BR,2020-11-08 01:10:23
237,Ayan,56.45,138.17,-11.56,86,99,8.19,RU,2020-11-08 01:10:23
238,Enid,36.4,-97.88,19.0,77,1,4.6,US,2020-11-08 01:06:53
239,Mossamedes,-15.2,12.15,20.57,70,100,4.07,AO,2020-11-08 01:10:23
240,Bima,-8.47,118.72,33.29,48,69,0.78,ID,2020-11-08 01:10:23
241,Kruisfontein,-34.0,24.73,12.78,91,0,0.45,ZA,2020-11-08 01:10:24
242,Batemans Bay,-35.72,150.18,18.33,60,21,3.1,AU,2020-11-08 01:07:35
243,Mīzan Teferī,6.98,35.58,16.46,90,38,0.91,ET,2020-11-08 01:10:24
244,Ponta Delgada,37.73,-25.67,14.0,76,20,1.5,PT,2020-11-08 01:10:24
245,Cururupu,-1.83,-44.87,25.58,87,28,1.92,BR,2020-11-08 01:10:24
246,Owatonna,44.08,-93.23,18.33,68,1,9.3,US,2020-11-08 01:10:24
247,Longyearbyen,78.22,15.64,-1.0,80,75,2.1,SJ,2020-11-08 01:10:24
248,Taseyevo,57.22,94.9,3.08,88,94,1.63,RU,2020-11-08 01:10:24
249,Nuuk,64.18,-51.72,-6.0,79,100,5.1,GL,2020-11-08 01:10:25
250,Vila do Maio,15.13,-23.22,25.0,83,0,6.7,CV,2020-11-08 01:10:25
251,Aasiaat,68.71,-52.87,-13.66,84,4,3.1,GL,2020-11-08 01:10:25
252,Evensk,61.95,159.23,-10.13,90,81,4.51,RU,2020-11-08 01:10:25
253,Muli,2.92,73.57,28.98,68,99,2.95,MV,2020-11-08 01:10:25
254,Henties Bay,-22.12,14.28,15.56,92,84,0.89,NA,2020-11-08 01:10:26
255,Geraldton,-28.77,114.6,23.0,64,90,4.6,AU,2020-11-08 01:10:22
256,Davila,18.47,120.58,24.0,94,90,3.1,PH,2020-11-08 01:10:27
257,Vanimo,-2.67,141.3,24.86,87,100,2.23,PG,2020-11-08 01:10:27
258,Tadine,-21.55,167.88,25.43,73,33,6.16,NC,2020-11-08 01:10:27
259,Olinda,-8.01,-34.86,27.0,78,75,5.7,BR,2020-11-08 01:10:27
260,Talnakh,69.49,88.4,-7.0,85,75,9.0,RU,2020-11-08 01:10:28
261,Hearst,49.68,-83.67,1.0,100,100,1.0,CA,2020-11-08 01:10:28
262,Desaguadero,-16.57,-69.04,9.07,58,91,5.54,PE,2020-11-08 01:10:29
263,Puerto Ayora,-0.74,-90.35,20.56,80,4,2.68,EC,2020-11-08 01:10:29
264,Saint-Philippe,-21.36,55.77,22.0,78,75,1.5,RE,2020-11-08 01:10:29
265,Cascais,38.7,-9.42,16.67,100,100,6.06,PT,2020-11-08 01:10:29
266,Carnarvon,-24.87,113.63,23.0,69,40,7.2,AU,2020-11-08 01:10:29
267,Kos,36.89,27.29,18.0,72,0,2.6,GR,2020-11-08 01:10:29
268,Flinders,-34.58,150.86,18.33,48,75,4.1,AU,2020-11-08 01:10:29
269,Vila Velha,-20.33,-40.29,25.0,83,90,1.0,BR,2020-11-08 01:10:29
270,Lebu,-37.62,-73.65,11.84,79,0,9.82,CL,2020-11-08 01:10:29
271,Beringovskiy,63.05,179.32,-1.83,94,100,5.12,RU,2020-11-08 01:10:30
272,Katsuura,35.13,140.3,21.67,55,100,0.45,JP,2020-11-08 01:10:30
273,Kahului,20.89,-156.47,32.0,52,40,10.8,US,2020-11-08 01:10:31
274,Dudinka,69.41,86.18,-7.0,85,75,9.0,RU,2020-11-08 01:10:31
275,Hong Kong,22.29,114.16,25.56,57,98,0.45,HK,2020-11-08 01:04:17
276,Namtsy,62.72,129.67,-19.0,77,75,3.0,RU,2020-11-08 01:10:31
277,Takoradze,4.88,-1.76,25.86,86,100,3.82,GH,2020-11-08 01:10:31
278,Esperance,-33.87,121.9,18.0,77,3,2.1,AU,2020-11-08 01:10:32
279,Bumbuna,9.05,-11.73,21.64,96,0,0.56,SL,2020-11-08 01:10:32
280,Port Hedland,-20.32,118.57,33.0,27,0,3.6,AU,2020-11-08 01:10:33
281,Olafsvik,64.89,-23.71,4.37,72,4,11.37,IS,2020-11-08 01:10:33
282,Turaif,31.67,38.66,14.0,76,0,6.2,SA,2020-11-08 01:10:33
283,Carauari,-4.88,-66.9,25.06,85,84,1.04,BR,2020-11-08 01:10:33
284,Kulhudhuffushi,6.62,73.07,28.64,76,76,6.27,MV,2020-11-08 01:10:33
285,Quatre Cocos,-20.21,57.76,23.0,83,75,4.6,MU,2020-11-08 01:10:33
286,Winnemucca,40.97,-117.74,1.0,86,90,3.1,US,2020-11-08 01:10:33
287,Shenjiamen,29.96,122.3,18.72,69,0,6.66,CN,2020-11-08 01:10:33
288,Lahaina,20.88,-156.68,32.0,62,40,8.2,US,2020-11-08 01:05:48
289,Norman Wells,65.28,-126.83,-2.0,100,75,1.5,CA,2020-11-08 01:10:34
290,Porto Velho,-8.76,-63.9,29.0,66,40,2.1,BR,2020-11-08 01:10:34
291,Harbour Breton,47.48,-55.8,5.56,100,2,1.34,CA,2020-11-08 01:10:34
292,Hofn,64.25,-15.21,6.86,87,100,9.68,IS,2020-11-08 01:10:34
293,Katobu,-4.94,122.53,32.22,50,4,0.58,ID,2020-11-08 01:10:34
294,Ribnitz-Damgarten,54.25,12.47,3.0,93,4,2.08,DE,2020-11-08 01:10:35
295,Goderich,43.75,-81.72,16.0,55,44,4.6,CA,2020-11-08 01:01:20
296,Dhule,20.9,74.78,18.57,47,0,1.5,IN,2020-11-08 01:10:36
297,Grand-Santi,4.25,-54.38,23.85,92,25,2.02,GF,2020-11-08 01:10:36
298,Lima,-12.04,-77.03,18.0,77,0,4.1,PE,2020-11-08 01:10:36
299,Borsec,46.95,25.57,7.22,42,0,0.99,RO,2020-11-08 01:10:36
300,Sabang,5.89,95.32,26.89,75,82,1.48,ID,2020-11-08 01:10:37
301,Lorengau,-2.02,147.27,29.34,62,100,3.09,PG,2020-11-08 01:10:37
302,Tumarbong,10.38,119.46,26.91,72,100,0.62,PH,2020-11-08 01:10:37
303,La Paz,-16.5,-68.15,8.0,28,20,4.6,BO,2020-11-08 01:09:32
304,San Policarpo,12.18,125.51,28.0,74,100,3.17,PH,2020-11-08 01:10:37
305,Kuching,1.55,110.33,27.0,88,20,1.0,MY,2020-11-08 01:10:37
306,Port Blair,11.67,92.75,28.1,78,2,4.25,IN,2020-11-08 01:10:37
307,Port Macquarie,-31.43,152.92,21.11,54,51,0.45,AU,2020-11-08 01:10:40
308,Klaksvík,62.23,-6.59,5.0,80,61,1.0,FO,2020-11-08 01:10:42
309,Vao,-22.67,167.48,23.25,71,22,5.58,NC,2020-11-08 01:10:42
310,Pauini,-7.71,-66.98,26.9,65,42,1.02,BR,2020-11-08 01:10:44
311,Valdivia,-39.81,-73.25,16.0,48,100,3.1,CL,2020-11-08 01:08:38
312,Mbale,1.08,34.17,18.72,88,100,1.17,UG,2020-11-08 01:10:45
313,Raudeberg,61.99,5.14,8.0,100,100,2.6,NO,2020-11-08 01:10:45
314,Verkhnyaya Toyma,62.23,45.0,5.11,75,76,6.2,RU,2020-11-08 01:10:46
315,Lamar,33.67,-95.58,18.0,72,1,3.1,US,2020-11-08 01:10:47
316,Semut,6.66,122.22,28.0,83,20,2.1,PH,2020-11-08 01:10:47
317,Antalaha,-14.9,50.28,23.41,91,100,3.37,MG,2020-11-08 01:10:47
318,Baykit,61.67,96.37,-4.11,96,100,1.23,RU,2020-11-08 01:10:47
319,Rockhampton,-23.38,150.5,28.0,48,75,7.7,AU,2020-11-08 01:10:47
320,Saint George,37.1,-113.58,12.78,46,40,6.2,US,2020-11-08 01:10:48
321,Baruun-Urt,46.68,113.28,-6.85,77,0,4.35,MN,2020-11-08 01:10:48
322,Exeter,50.72,-3.53,12.78,96,100,2.95,GB,2020-11-08 01:00:35
323,Shimoda,34.67,138.95,20.0,64,75,2.6,JP,2020-11-08 01:10:51
324,Lagoa,39.05,-27.98,16.26,74,75,7.16,PT,2020-11-08 01:10:51
325,Homer,59.64,-151.55,5.56,93,90,3.06,US,2020-11-08 01:10:52
326,Mount Gambier,-37.83,140.77,16.0,51,0,4.1,AU,2020-11-08 01:08:39
327,Ancud,-41.87,-73.82,13.0,62,5,5.7,CL,2020-11-08 01:10:52
328,Huron,41.15,-82.55,10.56,75,0,3.45,US,2020-11-08 01:10:52
329,Brønnøysund,65.46,12.2,6.0,70,57,4.6,NO,2020-11-08 01:10:53
330,Tambacounda,13.75,-13.76,27.0,74,0,1.0,SN,2020-11-08 01:10:54
331,Cotacachi,0.3,-78.27,14.0,82,40,4.1,EC,2020-11-08 01:10:54
332,Vilhena,-12.74,-60.15,24.56,61,21,1.46,BR,2020-11-08 01:10:54
333,Aykhal,66.0,111.5,-18.0,84,0,3.0,RU,2020-11-08 01:10:54
334,Hirado,33.36,129.55,20.56,67,0,3.1,JP,2020-11-08 01:10:54
335,Naica,27.85,-105.48,21.35,27,0,5.53,MX,2020-11-08 01:10:54
336,Price,39.6,-110.81,15.0,24,75,9.8,US,2020-11-08 01:07:58
337,Paharpur,32.1,70.97,15.38,32,0,0.37,PK,2020-11-08 01:10:55
338,Saint-Augustin,51.23,-58.65,-0.22,90,94,6.53,CA,2020-11-08 01:10:55
339,Mutoko,-17.4,32.23,21.95,28,16,1.88,ZW,2020-11-08 01:10:56
340,Constitución,-35.33,-72.42,14.25,70,0,5.06,CL,2020-11-08 01:10:56
341,Płock,52.55,19.71,7.0,100,90,3.1,PL,2020-11-08 01:10:56
342,Waverly,42.74,-84.62,16.0,51,1,3.1,US,2020-11-08 01:10:56
343,Fort Nelson,58.81,-122.7,-9.0,85,20,1.0,CA,2020-11-08 01:10:56
344,San Miguel de Cozumel,20.51,-86.95,27.22,83,75,1.5,MX,2020-11-08 01:07:08
345,Pokhara,28.23,83.98,15.01,57,0,1.67,NP,2020-11-08 01:10:58
346,De Panne,51.08,2.59,11.67,100,26,2.1,BE,2020-11-08 01:10:58
347,Poum,-20.23,164.02,24.73,81,5,8.89,NC,2020-11-08 01:10:58
348,Koumra,8.91,17.55,23.54,44,0,0.8,TD,2020-11-08 01:10:58
349,Bull Savanna,17.89,-77.59,24.61,89,100,5.18,JM,2020-11-08 01:10:58
350,Chernyshevskiy,63.01,112.47,-21.14,91,20,1.39,RU,2020-11-08 01:10:58
351,Setermoen,68.86,18.35,0.0,94,90,5.1,NO,2020-11-08 01:10:58
352,Kavaratti,10.57,72.64,28.29,73,2,3.26,IN,2020-11-08 01:10:59
353,Vangaindrano,-23.35,47.6,21.22,91,3,2.19,MG,2020-11-08 01:10:59
354,Ust'-Uda,54.17,103.03,1.14,95,100,2.41,RU,2020-11-08 01:10:59
355,Xiuyan,40.29,123.27,2.34,63,0,6.53,CN,2020-11-08 01:10:59
356,Pecos,31.42,-103.49,24.0,27,1,7.7,US,2020-11-08 01:10:59
357,Sørland,67.67,12.69,4.92,69,100,7.25,NO,2020-11-08 01:10:59
358,Verkhoyansk,67.54,133.38,-31.97,84,88,0.54,RU,2020-11-08 01:10:59
359,Pisco,-13.7,-76.22,18.0,77,20,4.6,PE,2020-11-08 01:08:24
360,Noumea,-22.28,166.46,28.0,51,40,5.1,NC,2020-11-08 01:07:31
361,Lakatoro,-16.1,167.42,30.0,74,40,4.6,VU,2020-11-08 01:11:00
362,Padang,-0.95,100.35,25.64,81,100,1.94,ID,2020-11-08 01:06:28
363,Te Anau,-45.42,167.72,12.01,42,2,3.39,NZ,2020-11-08 01:11:01
364,Maniitsoq,65.42,-52.9,-6.16,85,100,4.49,GL,2020-11-08 01:11:01
365,Abalak,58.13,68.59,1.99,99,100,1.16,RU,2020-11-08 01:11:02
366,Haridwar,29.97,78.17,14.23,47,0,1.63,IN,2020-11-08 01:11:02
367,Ishnya,57.19,39.36,7.0,81,90,9.0,RU,2020-11-08 01:11:02
368,Sibu,2.3,111.82,26.0,83,40,3.1,MY,2020-11-08 01:11:02
369,Shimanovsk,52.0,127.7,-9.69,87,35,5.89,RU,2020-11-08 01:11:02
370,Isla Vista,34.41,-119.86,13.33,62,90,5.7,US,2020-11-08 01:11:03
371,Qarchī Gak,37.04,66.79,14.0,45,0,3.97,AF,2020-11-08 01:11:03
372,Chihuahua,28.5,-106.0,25.0,17,5,6.2,MX,2020-11-08 01:08:59
373,Springfield,37.22,-93.3,18.33,63,1,3.1,US,2020-11-08 01:11:03
374,Caravelas,-17.71,-39.25,23.59,94,100,1.86,BR,2020-11-08 01:11:03
375,Nyurba,63.28,118.33,-20.91,90,0,1.96,RU,2020-11-08 01:11:03
376,Nadvoitsy,63.87,34.32,2.21,81,0,7.41,RU,2020-11-08 01:11:03
377,Leningradskiy,69.38,178.42,-7.33,95,100,4.04,RU,2020-11-08 01:11:04
378,Mormugao,15.4,73.8,27.0,74,40,4.1,IN,2020-11-08 01:11:04
379,Provideniya,64.38,-173.3,-2.07,93,0,1.27,RU,2020-11-08 01:11:05
380,Boddam,57.47,-1.78,6.11,100,90,0.5,GB,2020-11-08 01:11:05
381,Umm Bāb,25.21,50.81,27.78,73,1,1.98,QA,2020-11-08 01:11:06
382,Shīeli,44.17,66.75,9.23,61,100,5.42,KZ,2020-11-08 01:11:06
383,Hualmay,-11.1,-77.61,16.27,85,25,2.15,PE,2020-11-08 01:11:06
384,Meadow Lake,34.8,-106.54,20.56,36,75,9.3,US,2020-11-08 01:02:09
385,Teshie,5.58,-0.11,27.0,74,20,2.6,GH,2020-11-08 01:11:06
386,Khanbari,27.37,87.2,15.59,55,0,1.4,NP,2020-11-08 01:11:07
387,Tiznit Province,29.58,-9.5,16.38,68,100,0.11,MA,2020-11-08 01:08:03
388,Suriāpet,17.15,79.62,19.01,66,0,2.98,IN,2020-11-08 01:11:08
389,Zunyi,27.69,106.91,14.69,71,77,1.16,CN,2020-11-08 01:11:08
390,Vestmannaeyjar,63.44,-20.27,6.76,68,100,7.85,IS,2020-11-08 01:11:08
391,Boquete,8.78,-82.43,26.67,100,94,0.73,PA,2020-11-08 01:11:08
392,Cacequi,-29.88,-54.83,20.34,78,0,6.27,BR,2020-11-08 01:11:08
393,Laufen,47.95,12.93,3.89,100,75,0.5,DE,2020-11-08 01:11:09
394,Houma,29.6,-90.72,21.11,88,90,5.1,US,2020-11-08 01:09:49
395,Yilan,24.76,121.75,22.78,83,75,5.1,TW,2020-11-08 01:11:09
396,Galanta,48.19,17.73,4.44,86,0,3.6,SK,2020-11-08 01:11:09
397,South Venice,27.05,-82.42,24.0,83,40,8.7,US,2020-11-08 01:11:09
398,Ulladulla,-35.35,150.47,18.0,48,75,4.1,AU,2020-11-08 01:11:09
399,Aswān,24.09,32.91,18.62,49,77,2.27,EG,2020-11-08 01:11:09
400,Kutum,14.2,24.67,17.14,36,1,2.84,SD,2020-11-08 01:11:09
401,Dunmore Town,25.5,-76.65,26.66,78,100,13.62,BS,2020-11-08 01:11:09
402,Steamboat Springs,40.48,-106.83,10.0,75,40,5.7,US,2020-11-08 01:11:10
403,Tshikapa,-6.42,20.8,20.99,95,100,0.62,CD,2020-11-08 01:11:10
404,Province of Mantua,45.17,10.78,8.89,98,0,1.34,IT,2020-11-08 01:11:10
405,Caconda,-13.73,15.07,16.7,93,100,1.03,AO,2020-11-08 01:11:10
406,Narsaq,60.92,-46.05,-2.0,74,100,2.1,GL,2020-11-08 01:11:10
407,Lázaro Cárdenas,17.96,-102.2,25.82,82,63,1.85,MX,2020-11-08 01:11:10
408,Cabedelo,-6.98,-34.83,26.0,88,40,5.1,BR,2020-11-08 01:11:11
409,Kuytun,54.34,101.5,1.19,90,100,2.8,RU,2020-11-08 01:11:11
410,Meulaboh,4.14,96.13,26.1,79,68,1.33,ID,2020-11-08 01:11:11
411,Masuguru,-11.37,38.42,24.89,72,93,1.77,TZ,2020-11-08 01:11:12
412,Biak,-0.91,122.88,28.39,62,100,3.61,ID,2020-11-08 01:11:12
413,Beloha,-25.17,45.05,20.71,82,0,1.4,MG,2020-11-08 01:11:12
414,Marzuq,14.4,46.47,16.67,60,1,1.25,YE,2020-11-08 01:11:12
415,Westport,41.14,-73.36,17.0,63,1,2.6,US,2020-11-08 01:07:37
416,Bubaque,11.28,-15.83,29.43,78,0,6.0,GW,2020-11-08 01:11:12
417,Kikwit,-5.04,18.82,21.15,96,100,0.52,CD,2020-11-08 01:11:12
418,Bereket,39.24,55.52,11.29,86,100,2.77,TM,2020-11-08 01:11:12
419,Shahr-e Bābak,30.12,55.12,5.47,59,1,2.32,IR,2020-11-08 01:11:13
420,Lebanon,36.21,-86.29,22.0,60,90,2.99,US,2020-11-08 01:06:34
421,Isabela,6.71,121.97,28.0,83,20,2.1,PH,2020-11-08 01:11:13
422,Sola,-13.88,167.55,30.0,84,75,2.6,VU,2020-11-08 01:11:13
423,Whithorn,18.26,-78.04,25.56,88,90,1.0,JM,2020-11-08 01:11:13
424,El Dorado,38.77,-120.52,8.0,85,40,2.6,US,2020-11-08 01:11:13
425,Chu,43.6,73.76,15.0,70,100,1.34,KZ,2020-11-08 01:11:13
426,Surin,14.88,103.49,23.89,74,0,6.93,TH,2020-11-08 01:10:46
427,Bilibino,68.05,166.44,-16.23,91,100,0.76,RU,2020-11-08 01:11:14
428,Diu,20.71,70.98,24.02,46,0,5.16,IN,2020-11-08 01:11:14
429,Baft,29.23,56.61,5.69,58,0,1.1,IR,2020-11-08 01:11:14
430,Rio Grande,-32.03,-52.1,17.49,89,0,5.56,BR,2020-11-08 01:11:14
431,Bathsheba,13.22,-59.52,27.0,83,20,8.7,BB,2020-11-08 01:11:14
432,Port Said,31.26,32.28,20.0,94,0,2.6,EG,2020-11-08 01:11:14
433,Barra do Garças,-15.89,-52.26,26.48,56,99,2.06,BR,2020-11-08 01:11:15
434,Ust'-Koksa,50.27,85.61,0.05,89,0,1.0,RU,2020-11-08 01:11:15
435,Ponazyrevo,58.36,46.31,3.59,88,100,5.52,RU,2020-11-08 01:11:15
436,Haimen,23.19,116.61,21.0,94,90,2.0,CN,2020-11-08 01:11:15
437,Banda Aceh,5.56,95.32,26.53,76,76,1.23,ID,2020-11-08 01:11:15
438,Hurghada,27.26,33.81,21.0,43,0,4.1,EG,2020-11-08 01:09:17
439,Miyang,24.4,103.44,14.02,80,80,1.38,CN,2020-11-08 01:11:15
440,Kawalu,-7.38,108.21,25.65,77,76,1.29,ID,2020-11-08 01:11:15
441,Médéa,36.26,2.75,18.0,88,40,1.5,DZ,2020-11-08 01:11:16
442,Inírida,3.87,-67.92,24.39,95,100,1.18,CO,2020-11-08 01:11:16
443,Daniel Flores,9.34,-83.67,21.74,84,100,0.66,CR,2020-11-08 01:11:16
444,Cirò Marina,39.37,17.13,16.44,78,4,5.4,IT,2020-11-08 01:11:17
445,Peniche,39.36,-9.38,17.78,86,96,4.47,PT,2020-11-08 01:11:17
446,Broken Hill,-31.95,141.43,22.0,26,0,5.7,AU,2020-11-08 01:11:17
447,Nha Trang,12.25,109.18,28.0,65,40,6.2,VN,2020-11-08 01:11:17
448,Arusha,-3.37,36.68,17.28,75,100,2.31,TZ,2020-11-08 01:11:18
449,Muros,42.78,-9.06,16.11,89,90,7.6,ES,2020-11-08 01:11:18
450,Sidrolândia,-20.93,-54.96,28.0,42,0,1.5,BR,2020-11-08 01:11:08
451,Hobyo,5.35,48.53,26.13,80,49,4.51,SO,2020-11-08 01:11:18
452,Anadyr,64.75,177.48,-6.0,85,40,2.0,RU,2020-11-08 01:11:18
453,Qandala,11.47,49.87,25.23,65,0,2.25,SO,2020-11-08 01:11:18
454,Labuhan,-6.88,112.21,28.3,71,74,3.27,ID,2020-11-08 01:11:19
455,Senanga,-16.12,23.27,24.51,36,52,0.75,ZM,2020-11-08 01:11:20
456,Acaraú,-2.89,-40.12,26.11,78,30,6.71,BR,2020-11-08 01:07:21
457,Deputatsky,69.3,139.9,-19.55,93,100,1.47,RU,2020-11-08 01:11:20
458,Mercedes,-34.65,-59.43,20.56,74,0,0.45,AR,2020-11-08 01:11:20
459,Tairua,-37.02,175.85,22.22,64,3,6.26,NZ,2020-11-08 01:11:20
460,Itaituba,-4.28,-55.98,24.6,94,96,1.32,BR,2020-11-08 01:11:20
461,Greenwood,34.17,-82.12,19.0,88,20,3.1,US,2020-11-08 01:05:25
462,Tomatlán,19.93,-105.25,23.64,87,100,1.03,MX,2020-11-08 01:11:20
463,Zanjān,36.67,48.48,8.65,73,29,2.6,IR,2020-11-08 01:11:20
464,Mujiayingzi,42.12,118.78,-0.62,64,0,5.11,CN,2020-11-08 01:11:21
465,Sinnamary,5.38,-52.95,26.33,80,17,6.74,GF,2020-11-08 01:11:21
466,Sambava,-14.27,50.17,24.11,86,100,3.43,MG,2020-11-08 01:11:22
467,Youghal,51.95,-7.85,12.22,100,75,4.6,IE,2020-11-08 01:11:22
468,Kuleshovka,47.08,39.56,5.0,93,0,3.0,RU,2020-11-08 01:11:22
469,Kifrī,34.7,44.97,19.52,52,45,3.89,IQ,2020-11-08 01:11:22
470,Berlevåg,70.86,29.09,4.03,74,94,14.61,NO,2020-11-08 01:11:22
471,Moramanga,-18.93,48.2,13.66,91,100,0.73,MG,2020-11-08 01:11:22
472,Ishigaki,24.34,124.16,27.0,94,75,5.1,JP,2020-11-08 01:08:16
473,Humaitá,-7.51,-63.02,25.0,85,25,0.8,BR,2020-11-08 01:11:22
474,Santa Cruz de Barahona,18.21,-71.1,25.36,79,99,1.59,DO,2020-11-08 01:11:23
475,Antequera,37.02,-4.56,15.56,82,0,3.1,ES,2020-11-08 01:11:23
476,Kieta,-6.22,155.63,29.57,66,100,1.71,PG,2020-11-08 01:11:23
477,Coos Bay,43.37,-124.22,10.0,81,90,6.2,US,2020-11-08 01:11:24
478,Belmonte,-15.86,-38.88,25.0,88,75,4.1,BR,2020-11-08 01:11:27
479,Porto-Novo,6.5,2.6,27.0,88,20,3.6,BJ,2020-11-08 01:11:27
480,Saldanha,-33.01,17.94,16.0,87,68,4.1,ZA,2020-11-08 01:11:27
481,Bendigo,-36.77,144.28,19.44,47,0,3.02,AU,2020-11-08 01:11:27
482,San Juan del Sur,11.25,-85.87,25.12,89,17,5.77,NI,2020-11-08 01:11:27
483,Zhangjiakou,40.81,114.88,2.22,65,0,2.69,CN,2020-11-08 01:11:28
484,Harper,4.38,-7.72,25.73,87,98,2.9,LR,2020-11-08 01:11:28
485,Wajima,37.4,136.9,14.0,71,75,3.1,JP,2020-11-08 01:11:28
486,Banff,51.18,-115.57,-2.0,46,100,3.1,CA,2020-11-08 01:11:28
487,Abu Samrah,35.3,37.18,15.36,65,0,2.83,SY,2020-11-08 01:11:28
488,Naze,28.37,129.48,24.0,83,75,5.7,JP,2020-11-08 01:11:29
489,Acapulco de Juárez,16.86,-99.89,29.0,74,20,4.1,MX,2020-11-08 01:11:29
490,Mahon,39.89,4.27,18.0,93,0,1.5,ES,2020-11-08 01:11:29
491,Lixouri,38.2,20.43,16.1,58,90,2.7,GR,2020-11-08 01:11:30
492,Falkenberg,56.91,12.49,9.44,93,55,5.1,SE,2020-11-08 01:11:30
493,Mabaruma,8.2,-59.78,24.21,94,1,1.24,GY,2020-11-08 01:11:30
494,Kandrian,-6.22,149.55,29.42,70,89,2.4,PG,2020-11-08 01:11:31
495,Paidha,2.42,30.99,15.31,91,80,1.3,UG,2020-11-08 01:11:31
496,Jutaí,-5.18,-68.9,24.23,88,100,1.26,BR,2020-11-08 01:11:31
497,Sungai Raya,0.7,108.9,29.18,67,86,1.49,ID,2020-11-08 01:11:31
498,Kondinskoye,59.65,67.41,0.85,97,100,2.0,RU,2020-11-08 01:11:31
499,Broome,42.25,-75.83,17.0,42,1,2.6,US,2020-11-08 01:11:31
500,Rantepao,-2.97,119.9,25.74,53,71,1.27,ID,2020-11-08 01:11:32
501,Sur,22.57,59.53,24.27,69,0,2.75,OM,2020-11-08 01:11:32
502,Būlaevo,54.91,70.44,5.7,80,100,5.88,KZ,2020-11-08 01:11:32
503,Guaíra,-20.32,-48.31,25.76,41,4,2.1,BR,2020-11-08 01:11:32
504,Pitimbu,-7.47,-34.81,26.0,88,40,5.1,BR,2020-11-08 01:11:32
505,Touros,-5.2,-35.46,27.0,78,40,5.7,BR,2020-11-08 01:11:32
506,Patea,-39.76,174.48,16.11,85,4,2.24,NZ,2020-11-08 01:11:32
507,Karakol,42.49,78.39,3.29,58,99,0.97,KG,2020-11-08 01:11:32
508,Daru,-9.08,143.21,27.85,75,80,0.37,PG,2020-11-08 01:11:32
509,Lewistown,40.6,-77.57,12.0,71,1,0.64,US,2020-11-08 01:11:32
510,Akhtanizovskaya,45.32,37.1,8.0,81,85,3.0,RU,2020-11-08 01:11:32
511,Balkanabat,39.51,54.37,13.09,71,100,2.12,TM,2020-11-08 01:11:33
512,Mukhen,48.1,136.1,-0.44,95,98,0.93,RU,2020-11-08 01:11:33
513,Sakakah,29.97,40.21,17.0,51,0,4.1,SA,2020-11-08 01:09:06
514,Tiarei,-17.53,-149.33,29.0,66,75,5.1,PF,2020-11-08 01:11:33
515,Wexford,52.33,-6.46,12.78,99,100,4.02,IE,2020-11-08 01:11:28
516,Laurel,39.1,-76.85,15.0,93,1,0.69,US,2020-11-08 01:07:48
517,Parnaíba,-2.9,-41.78,27.21,72,7,5.97,BR,2020-11-08 01:11:33
518,Aksarka,66.56,67.8,-2.08,99,100,2.21,RU,2020-11-08 01:11:34
519,Yangi Marg`ilon,40.43,71.72,7.0,28,0,3.1,UZ,2020-11-08 01:11:34
520,Lotofaga,-13.98,-171.86,26.0,94,75,1.5,WS,2020-11-08 01:11:34
521,Markova,48.68,24.41,6.34,76,0,1.88,UA,2020-11-08 01:11:35
522,Novobiryusinskiy,56.96,97.71,3.23,95,100,2.88,RU,2020-11-08 01:11:37
523,Sioux Lookout,50.1,-91.92,0.0,92,90,1.5,CA,2020-11-08 01:11:37
524,Nanzhang,31.78,111.84,17.94,39,0,1.29,CN,2020-11-08 01:11:37
525,La Asuncion,11.03,-63.86,28.0,83,2,7.2,VE,2020-11-08 01:11:38
526,Kailua,21.4,-157.74,28.0,69,90,6.2,US,2020-11-08 01:11:17
527,Faya,18.39,42.45,14.0,62,0,0.44,SA,2020-11-08 01:11:39
528,Ritchie,-29.04,24.6,14.0,76,0,1.85,ZA,2020-11-08 01:11:39
529,Casper,42.87,-106.31,16.0,36,1,8.2,US,2020-11-08 01:11:39
530,Rivera,-30.91,-55.55,17.9,94,0,3.86,UY,2020-11-08 01:11:39
531,Kolvereid,64.87,11.6,5.92,66,96,6.05,NO,2020-11-08 01:11:39
532,Norrtälje,59.76,18.7,10.0,90,100,1.34,SE,2020-11-08 01:11:41
533,Klyuchi,52.27,79.17,5.37,62,17,7.02,RU,2020-11-08 01:11:41
534,Viedma,-40.81,-63.0,13.33,79,100,1.34,AR,2020-11-08 01:11:42
535,Zhob,31.34,69.45,8.65,42,0,0.64,PK,2020-11-08 01:11:42
536,Kisangani,0.52,25.2,21.06,98,100,0.94,CD,2020-11-08 01:11:43
537,Progreso,21.28,-89.67,26.11,83,40,4.1,MX,2020-11-08 01:11:43
538,Saryg-Sep,51.5,95.6,-4.74,95,0,1.59,RU,2020-11-08 01:11:43
539,Gbarnga,7.0,-9.47,22.52,98,64,0.78,LR,2020-11-08 01:11:43
540,Bela,25.93,81.98,17.36,38,0,0.73,IN,2020-11-08 01:11:44
541,La Ronge,55.1,-105.28,-6.0,79,100,5.1,CA,2020-11-08 01:11:44
542,Saint Anthony,45.02,-93.22,20.0,60,75,5.7,US,2020-11-08 01:11:44
543,Rosehearty,57.7,-2.11,6.11,85,97,2.24,GB,2020-11-08 01:11:45
544,Lata,40.16,-8.33,16.11,89,86,1.34,PT,2020-11-08 01:11:45
545,Camabatela,-8.19,15.38,18.58,100,100,1.92,AO,2020-11-08 01:11:45
546,Ubari,26.59,12.78,12.95,61,0,2.35,LY,2020-11-08 01:11:45
547,Comodoro Rivadavia,-45.87,-67.5,15.0,77,0,4.63,AR,2020-11-08 01:11:45
548,Hille,52.33,8.75,8.33,75,0,2.1,DE,2020-11-08 01:11:45
549,Severomuysk,56.15,113.43,-19.27,91,100,1.21,RU,2020-11-08 01:11:45
550,Sept-Îles,50.2,-66.38,-2.0,63,6,5.7,CA,2020-11-08 01:09:51
551,Najrān,17.49,44.13,18.0,37,0,2.1,SA,2020-11-08 01:11:45
552,Pemberton,50.32,-122.8,1.0,34,20,3.1,CA,2020-11-08 01:11:45
553,Dunedin,-45.87,170.5,12.22,48,5,8.49,NZ,2020-11-08 01:11:46
554,Ketchikan,55.34,-131.65,5.0,80,1,8.2,US,2020-11-08 01:11:46
555,Shingū,33.73,135.98,18.0,59,40,6.2,JP,2020-11-08 01:11:46
556,Logan Lake,50.5,-120.8,2.22,51,75,9.3,CA,2020-11-08 01:11:46
557,Talas,38.69,35.55,2.0,80,0,2.6,TR,2020-11-08 01:11:46
558,Calamar,10.25,-74.91,28.0,83,20,2.6,CO,2020-11-08 01:11:46
559,Nouakchott,18.09,-15.98,27.0,54,1,6.7,MR,2020-11-08 01:11:47
560,Rassvet,46.83,40.75,5.39,93,0,1.0,RU,2020-11-08 01:11:47
561,Alhadas,40.19,-8.79,16.11,87,20,5.1,PT,2020-11-08 01:11:47
562,Charters Towers,-20.1,146.27,30.76,41,58,7.94,AU,2020-11-08 01:11:47
563,Araceli,10.55,119.99,26.4,75,100,2.21,PH,2020-11-08 01:11:48
564,Tolyatti,53.53,49.35,2.0,77,75,3.0,RU,2020-11-08 01:11:48
565,Tsiroanomandidy,-18.77,46.03,22.47,52,37,1.5,MG,2020-11-08 01:11:48
566,Richards Bay,-28.78,32.04,22.75,88,0,2.75,ZA,2020-11-08 01:11:49
567,Coari,-4.08,-63.14,24.25,95,96,1.29,BR,2020-11-08 01:08:07
568,Salalah,17.02,54.09,23.0,56,0,1.5,OM,2020-11-08 01:11:50
569,Bonthe,7.53,-12.51,26.3,86,99,2.16,SL,2020-11-08 01:11:50
570,Yakeshi,49.28,120.73,-12.59,93,0,2.45,CN,2020-11-08 01:11:50
571,Oistins,13.07,-59.53,27.0,83,20,8.7,BB,2020-11-08 01:11:50
572,Tamandaré,-8.76,-35.1,25.22,82,17,5.25,BR,2020-11-08 01:10:32
573,Nhulunbuy,-12.23,136.77,32.0,59,75,6.7,AU,2020-11-08 01:11:51
574,Shepetivka,50.19,27.06,5.78,94,0,2.45,UA,2020-11-08 01:11:51
575,Nueva Imperial,-38.73,-72.95,13.0,82,0,3.1,CL,2020-11-08 01:11:51
